{
  "client_id": "bXBVv6lzkF8P0oQGu0Z0vQrR9aiwdQKK",
  "client_secret": "mSrfYdIFBagfjEgH",
  "grant_type": "client_credentials",
  "scopes": [
    "customers.read",
    "accounts.basic.read",
    "accounts.foreigncurrency.write",
    "customers.international.read",
    "payments.read",
    "payments.write",
    "operationsactivitylogging.write",
    "reports.read",
    "reports.write",
    "reports.admin.write"
  ],
  "id": "6063517",
  "delegated": false,
  "identityContextType": "customer",
  "identityContext": {
    "originatorId": "786504"
  }
}
